mname,mnameng,mno,mdate,mnation,mtype,mgen,mstat,mdir,
1917,,20192399,2019,미국,장편,드라마(1),개봉,샘 멘데스,
빈집,3-Iron,20040688,2004,한국,장편,드라마,개봉,김기덕,
공각기동대,GHOST IN THE SHELL,20020102,1995,일본,장편,SF,개봉,오시이 마모루,
러빙 빈센트,Loving Vincent,20179942,2017,영국(1),장편,애니메이션(1),개봉,도로타 코비엘라,
내 여자친구를 소개합니다,Windstruck,20040568,2004,한국,장편,멜로/로맨스(1),개봉,곽재용,
뷰티 인사이드,The Beauty Inside,20143572,2015,한국,장편,판타지(1),개봉,백,
지금은맞고그때는틀리다,"Right Now, Wrong Then",20151782,2015,한국,장편,드라마,개봉,홍상수,
바스터즈: 거친 녀석들,Inglourious Basterds,20090578,2009,미국(1),장편,액션(2),개봉,쿠엔틴 타란티노,
김씨표류기,Castaway on the Moon,20090237,2008,한국,장편,코미디(1),개봉,이해준,
인터스텔라,Interstellar,20149120,2014,미국(1),장편,SF,개봉,크리스토퍼 놀란,
똥파리,Breathless,20090035,2008,한국,장편,드라마,개봉,양익준,몰필름
캐스트 어웨이,Cast Away,20010121,2000,미국,장편,드라마(1),개봉,로버트 저메키스,
뷰티풀 마인드,A BEAUTIFUL MIND,20113878,2001,미국,장편,드라마,개봉,론 하워드,
김종욱 찾기,Finding Mr. Destiny,20101200,2010,한국,장편,멜로/로맨스(1),개봉,장유정,
A.I.,A.I.,20010229,2001,미국,장편,SF(1),개봉,스티븐 스필버그,
킬빌,Kill Bill: Vol. 1,20030394,2003,미국,장편,액션,개봉,쿠엔틴 타란티노,
마더,Mother,20090248,2009,한국,장편,드라마,개봉,봉준호,
블랙 스완,Black Swan,20119577,2010,미국,장편,드라마(1),개봉,대런 아로노프스키,
글라디에이터,Gladiator,19920212,1991,미국,장편,액션(1),개봉,로우디 헤링턴,
달콤한 인생,A Bittersweet Life,20050017,2004,한국,장편,액션,개봉,김지운,
내 머리 속의 지우개,A Moment To Remember,20040673,2004,한국,장편,멜로/로맨스,개봉,이재한,
캐치 미 이프 유 캔,Catch Me If You Can,20020011,2002,미국,장편,드라마(1),개봉,스티븐 스필버그,
해바라기,Sunflower,20060353,2006,한국,장편,액션(3),개봉,강석범,
공동경비구역 JSA,Joint Security Area /JSA,20000044,2000,한국,장편,드라마(1),개봉,박찬욱,
올드보이,Old Boy,20030350,2003,한국,장편,스릴러,개봉,박찬욱,
반지의 제왕 : 왕의 귀환,The Lord of the Rings: The Return of the King,20030316,2003,미국(1),장편,판타지(1),개봉,피터 잭슨,
범죄와의 전쟁: 나쁜놈들 전성시대,Nameless Gangster : Rules of the Time,20113557,2011,한국,장편,범죄(1),개봉,윤종빈,
타짜,Tazza: The High Rollers,20060277,2006,한국,장편,드라마,개봉,최동훈,
엽기적인 그녀,My Sassy Girl,20010020,2001,한국,장편,코미디,개봉,곽재용,
태극기 휘날리며,TaeGukGi: Brotherhood Of War,20030371,2004,한국,장편,전쟁(1),개봉,강제규,
괴물,The Host,20060151,2006,한국,장편,SF(2),개봉,봉준호,
"광해, 왕이 된 남자",Masquerade,20124079,2012,한국,장편,사극(1),개봉,추창민,
나쁜 남자,Bad Guy,20010005,2002,한국,장편,드라마,개봉,김기덕,
어바웃 타임,ABOUT TIME,20135428,2013,영국,장편,멜로/로맨스(1),개봉,리차드 커티스,
살인의 추억,Memories of Murder,20030046,2003,한국,장편,스릴러,개봉,봉준호,
여인의 향기,Scent Of A Woman,19930101,1993,미국,장편,드라마,개봉,마틴 브레스트,
레미제라블,Les Miserables,20128274,2012,미국,장편,드라마,개봉,톰 후퍼,
러브 액츄얼리,Love Actually,20030404,2003,미국(1),장편,멜로/로맨스(2),개봉,리차드 커티스,
브루스 올마이티,Bruce Almighty,20030089,2003,미국,장편,코미디(1),개봉,톰 새디악,
어거스트 러쉬,August Rush,20070585,2007,미국,장편,드라마,개봉,커스틴 쉐리단,
매트릭스,The Matrix,19990193,1999,미국,장편,SF(1),개봉,릴리 워쇼스키 ,
트루먼 쇼,The Truman Show,19980231,1998,미국,장편,드라마(2),개봉,피터 위어,
다크 나이트,The Dark Knight,20081056,2008,미국,장편,범죄(3),개봉,크리스토퍼 놀란,
인셉션,Inception,20100312,2010,미국,장편,드라마(1),개봉,크리스토퍼 놀란,
포레스트 검프,Forrest Gump,19940343,1994,미국,장편,드라마(1),개봉,로버트 저메키스,
테넷,Tenet,20201122,2020,미국,장편,액션(1),개봉,크리스토퍼 놀란,4.5
데몰리션,Demolition,20163961,2016,미국,장편,드라마,개봉,장 마크 발레,4.5
윤희에게,Moonlit Winter,20196284,2019,한국,장편,멜로/로맨스,개봉,임대형,4.5
조커,Joker,20199950,2019,미국,장편,액션(2),개봉,토드 필립스,4.5
기생충,PARASITE,20183782,2019,한국,장편,드라마,개봉,봉준호,4.5
생일,Birthday,20183096,2018,한국,장편,드라마,개봉,이종언,4.5
어벤져스: 엔드게임,Avengers: Endgame,20184889,2018,미국,장편,액션(1),개봉,"안소니 루소 , 조 루소",4.5
오아시스,Oasis,20020226,2002,한국,장편,드라마,개봉,이창동,4.5
비스티 보이즈,Beastie Boys,20080394,2008,한국,장편,드라마,개봉,윤종빈,4.5
서치,Searching,20185046,2017,미국,장편,드라마,개봉,아니쉬 차간티,4.5
버닝,BURNING,20173202,2018,한국,장편,미스터리,개봉,이창동,4.5
코코,COCO,20179985,2017,미국,장편,애니메이션,개봉,리 언크리치,4.5
소공녀,Microhabitat,20173962,2017,한국,장편,멜로/로맨스(1),개봉,전고운,4.5
가디언즈 오브 갤럭시,Guardians of the Galaxy,20149317,2014,미국,장편,액션(2),개봉,제임스 건,4.5
리틀 포레스트,Little Forest,20170841,2018,한국,장편,드라마,개봉,임순례,4.5
강철비,Steel Rain,20170402,2017,한국,장편,액션(1),개봉,양우석,4.5
범죄도시,THE OUTLAWS,20172742,2017,한국,장편,범죄(1),개봉,강윤성,4.5
아이 캔 스피크,I Can Speak,20174142,2017,한국,장편,코미디,개봉,김현석,4.5
덩케르크,Dunkirk,20164621,2017,미국(1),장편,액션(3),개봉,크리스토퍼 놀란,4.5
컨택트,Arrival,20179281,2016,미국,장편,SF(2),개봉,드니 빌뇌브,4.5
노무현입니다,OUR PRESIDENT,20174602,2017,한국,장편,다큐멘터리,개봉,이창재,4.5
미녀와 야수,Beauty and the Beast,19920231,1991,미국,장편,애니메이션(2),개봉,게리 트러스데일,4.5
빽 투 더 퓨쳐,Back To The Future,19870114,1985,미국,장편,SF(2),개봉,로버트 저메키스,4.5
주토피아,Zootopia,20155501,2015,미국,장편,애니메이션(2),개봉,바이론 하워드,4.5
귀향,,20161364,2015,한국,장편,드라마,개봉,조정래,4.5
내부자들,Inside Men,20149314,2015,한국,장편,범죄(1),개봉,우민호,4.5
검은 사제들,The Priests,20145503,2015,한국,장편,미스터리(1),개봉,장재현,4.5
베테랑,Veteran,20148048,2014,한국,장편,액션(1),개봉,류승완,4.5
우리 선희,Our Sunhi,20137041,2012,한국,장편,드라마,개봉,홍상수,4.5
007 스카이폴,SKYFALL,20113461,2011,미국(1),장편,액션,개봉,샘 멘데스,4.5
"그 시절, 우리가 좋아했던 소녀",You Are the Apple of My Eye,20128588,2011,대만,장편,멜로/로맨스,개봉,구파도,4.5
아메리칸 스나이퍼,American Sniper,20143754,2014,미국,장편,액션,개봉,클린트 이스트우드,4.5
콘택트,Contact,19970283,1997,미국,장편,SF(2),개봉,로버트 저메키스,4.5
붉은 가족,Red Family,20135405,2013,한국,장편,드라마(1),개봉,이주형,4.5
블러드 다이아몬드,The Blood Diamond,20060413,2006,미국,장편,드라마(1),개봉,에드워드 즈윅,4.5
킹스맨 : 시크릿 에이전트,Kingsman: The Secret Service,20140110,2014,미국(1),장편,액션(1),개봉,매튜 본,4.5
"가장 따뜻한 색, 블루",Blue Is The Warmest Color,20136292,2013,프랑스,장편,드라마(1),개봉,압델라티프 케시시,4.5
시,Poetry,20100191,2010,한국,장편,드라마,개봉,이창동,4.5
장고:분노의 추적자,Django Unchained,20126306,2012,미국,장편,서부극(웨스턴)(1),개봉,쿠엔틴 타란티노,4.5
보이후드,Boyhood,20149910,2014,미국,장편,드라마,개봉,리차드 링클레이터,4.5
시간,Time,20060228,2006,한국,장편,드라마,개봉,김기덕,4.5
더 울프 오브 월스트리트,THE WOLF OF WALL STREET,20136812,2013,미국,장편,범죄(1),개봉,마틴 스코세이지,4.5
그랜드 부다페스트 호텔,The Grand Budapest Hotel,20147727,2014,미국(1),장편,미스터리(1),개봉,웨스 앤더슨,4.5
그녀,Her,20148748,2013,미국,장편,드라마(1),개봉,스파이크 존즈,4.5
그래비티,Gravity,20139221,2013,미국,장편,SF(1),개봉,알폰소 쿠아론,4.5
아이덴티티,Identity,20030247,2003,미국,장편,범죄(1),개봉,제임스 맨골드,4.5
본 슈프리머시,The Bourne Supremacy,20040615,2004,미국,장편,액션,개봉,폴 그린그래스,4.5
다크 나이트 라이즈,The Dark Knight Rises,20112703,2012,미국(1),장편,액션(2),개봉,크리스토퍼 놀란,4.5
행오버,The Hangover,20098221,2009,미국,장편,코미디(1),기타,토드 필립스,4
머니볼,Moneyball,20112311,2011,미국,장편,드라마,개봉,베넷 밀러,4
지푸라기라도 잡고 싶은 짐승들,BEASTS CLAWING AT STRAWS,20180962,2018,한국,장편,스릴러(1),개봉,김용훈,4
나이브스 아웃,KNIVES OUT,20198430,2018,미국,장편,미스터리(1),개봉,라이언 존슨,4
남산의 부장들,The Man Standing Next,20180939,2019,한국,장편,드라마,개봉,우민호,4
그때 그 사람들,,20050007,2005,한국,장편,미스터리(1),개봉,임상수,4
포드 V 페라리,FORD v FERRARI,20192401,2019,미국,장편,액션(1),개봉,제임스 맨골드,4
애드 아스트라,AD ASTRA,20192982,2019,미국,장편,SF(1),개봉,제임스 그레이,4
겨울왕국 2,Frozen 2,20197803,2019,미국,장편,애니메이션,개봉,크리스 벅,4
샘,Saem,20174264,2017,한국,장편,멜로/로맨스(2),개봉,황규일,4
비포 선라이즈,Before Sunrise,19960126,1995,미국(2),장편,멜로/로맨스(1),개봉,리차드 링클레이터,4
원스 어폰 어 타임... 인 할리우드,Once Upon a Time... in Hollywood,20199446,2019,미국,장편,드라마(1),개봉,쿠엔틴 타란티노,4
"조제, 호랑이 그리고 물고기들","Josee, The Tiger And The Fish",20040703,2003,일본,장편,드라마,개봉,이누도 잇신,4
우리들,The World of Us,20153450,2016,한국,장편,드라마,개봉,윤가은,4
펀치 드렁크 러브,Punch Drunk Love,20030060,2002,미국,장편,멜로/로맨스(1),개봉,폴 토마스 앤더슨,4
칠드런 오브 맨,Children Of Men,20068730,2006,영국(1),장편,SF(2),개봉,,4
악인전,"The Gangster, The Cop, The Devil",20188941,2019,한국,장편,범죄(1),개봉,이원태,4
스카우트,Scout,20070504,2007,한국,장편,드라마(1),개봉,김현석,4
아사코,Asako I & II,20181200,2017,일본,장편,드라마,개봉,류스케 하마구치,4
로마,ROMA,20184091,2018,멕시코,장편,드라마,개봉,알폰소 쿠아론,4
스윙키즈,Swing Kids,20175547,2018,한국,장편,드라마,개봉,강형철,4
박하사탕,A Peppermint Candy,19990050,1999,한국,장편,드라마,개봉,이창동,4
아쿠아맨,AQUAMAN,20180290,2018,미국(1),장편,액션,개봉,제임스 완,4
멋진 하루,My Dear Enemy,20081002,2008,한국,장편,드라마(1),개봉,이윤기,4
박열,Anarchist from the colony,20178982,2017,한국,장편,드라마,개봉,이준익,4
죄 많은 소녀,After My Death,20173734,2017,한국,장편,드라마(1),개봉,김의석,4
보헤미안 랩소디,Bohemian Rhapsody,20185485,2018,미국,장편,드라마,개봉,브라이언 싱어,4
협상,THE NEGOTIATION,20177308,2018,한국,장편,범죄,개봉,이종석,4
박화영,Park Hwa-young,20171681,2018,한국,장편,드라마,개봉,이환,4
퍼스트맨,First Man,20186321,2018,미국,장편,SF(1),개봉,데이미언 셔젤,4
살아남은 아이,Last Child,20173732,2017,한국,장편,드라마,개봉,신동석,4
암수살인,Dark Figure of Crime,20179189,2017,한국,장편,범죄(1),개봉,김태균,4
맘마미아!2,MAMMA MIA! HERE WE GO AGAIN,20181942,2018,미국,장편,뮤지컬,개봉,올 파커,4
너의 결혼식,On Your Wedding Day,20153446,2017,한국,장편,멜로/로맨스,개봉,이석근,4
마녀,The Witch : Part 1. The Subversion,20185341,2018,한국,장편,미스터리(1),개봉,박훈정,4
신과함께-인과 연,Along with the Gods: The Last 49 Days,20186202,2017,한국,장편,판타지(1),개봉,김용화,4
어메이징 메리,Gifted,20173092,2017,미국,장편,드라마,개봉,마크 웹,4
바르게 살자,Going By The Book,20070434,2007,한국,장편,코미디(1),개봉,라희찬,4
열정같은소리하고있네,YOU CALL IT PASSION,20156748,2015,한국,장편,드라마,개봉,정기훈,4
레미제라블: 25주년 특별 콘서트,Les Mis?rables in Concert: The 25th Anniversary,20139677,2010,영국,장편,뮤지컬,기타,닉 모리스,4
쥬라기 월드,Jurassic World,20098169,2015,미국,장편,액션(2),개봉,콜린 트레보로우,4
서유기 월광보합,,19950283,1994,홍콩,장편,코미디,개봉,유진위,4
어벤져스: 인피니티 워,Avengers: Infinity War,20177478,2018,미국,장편,액션(3),개봉,안소니 루소 ,4
가디언즈 오브 갤럭시 VOL. 2,Guardians of the Galaxy VOL. 2,20163603,2017,미국,장편,액션(1),개봉,제임스 건,4
1987,1987: When the Day Comes,20170590,2017,한국,장편,드라마,개봉,장준환,4
신과함께-죄와 벌,Along with the Gods: The Two Worlds,20150976,2017,한국,장편,판타지(1),개봉,김용화,4
겟 아웃,GET OUT,20175262,2017,미국,장편,공포(호러)(3),개봉,조던 필,4
남한산성,The Fortress,20165450,2017,한국,장편,사극(1),개봉,황동혁,4
스파이더맨: 홈 커밍,Spider-Man: Homecoming,20167303,2017,미국,장편,액션(2),개봉,존 왓츠,4
혹성탈출: 종의 전쟁,WAR FOR THE PLANET OF THE APES,20179901,2017,미국,장편,액션(3),개봉,맷 리브스,4
플립,Flipped,20177501,2010,미국,장편,드라마(1),개봉,롭 라이너,4
옥자,Okja,20158485,2017,미국,장편,어드벤처(2),개봉,봉준호,4
싱글라이더,A Single Rider,20161723,2016,한국,장편,드라마,개봉,이주영,4
빽 투더 퓨쳐 2,Back To The Future 2,19900118,1989,미국,장편,SF(3),개봉,로버트 저메키스,4
23 아이덴티티,Split,20170241,2016,미국,장편,스릴러,개봉,M. 나이트 샤말란,4
라라랜드,LA LA LAND,20167904,2016,미국,장편,드라마(2),개봉,데이미언 셔젤,4
너의 이름은.,your name.,20161872,2016,일본,장편,애니메이션(2),개봉,신카이 마코토,4
그물,THE NET,20167867,2016,한국,장편,드라마,개봉,김기덕,4
럭키,LUCK-KEY,20153444,2015,한국,장편,코미디,개봉,이계벽,4
자유의 언덕,Hill of Freedom,20148840,2013,한국,장편,드라마,개봉,홍상수,4
2009로스트메모리즈,2009 Lost Memories,20020063,2002,한국,장편,SF(2),개봉,이시명,4
고질라,Godzilla,19980153,1998,미국,장편,SF(1),개봉,롤랜드 에머리히,4
쿨 러닝,Cool Runnings,19940097,1993,미국,장편,드라마(2),개봉,존 터틀타웁,4
가타카,Gattaca,19980126,1997,미국,장편,SF(3),개봉,앤드류 니콜,4
버드맨,Birdman or The Unexpected Virtue of Ignorance,20144801,2014,미국,장편,코미디(1),개봉,알레한드로 곤잘레스 이냐,4
시카리오: 암살자의 도시,Sicario,20155423,2015,미국,장편,범죄(2),개봉,드니 빌뇌브,4
밀정,The Age of Shadows,20159646,2016,한국(1),장편,액션,개봉,김지운,4
제이슨 본,Jason Bourne,20161907,2016,미국,장편,액션(1),개봉,폴 그린그래스,4
니모를 찾아서,Finding Nemo,20030072,2003,미국,장편,애니메이션(3),개봉,앤드류 스탠튼,4
성실한 나라의 앨리스,Alice In Earnestland,20156281,2014,한국,장편,드라마,개봉,안국진,4
대니쉬 걸,The Danish Girl,20155020,2015,미국(1),장편,드라마,개봉,톰 후퍼,4
사도,The Throne,20148846,2014,한국,장편,사극,개봉,이준익,4
아가씨,The Handmaiden,20144444,2016,한국,장편,스릴러(1),개봉,박찬욱,4
스토커,Stoker,20120467,2013,미국,장편,드라마(1),개봉,박찬욱,4
셔터 아일랜드,Shutter Island,20100103,2009,미국,장편,드라마(2),개봉,마틴 스코세이지,4
앤트맨,Ant-Man,20155702,2015,미국(1),장편,액션(1),개봉,페이튼 리드,4
덫: 치명적인 유혹,Trap,20113634,2014,한국,장편,스릴러(2),개봉,봉만대,4
족구왕,The King of Jokgu,20132799,2013,한국,장편,코미디(2),개봉,우문기,4
레버넌트: 죽음에서 돌아온 자,The Revenant,20154001,2015,미국,장편,어드벤처(1),개봉,알레한드로 곤잘레스 이냐,4
암살,Assassination,20148851,2015,한국,장편,액션(1),개봉,최동훈,4
펄프 픽션,Pulp Fiction,19940315,1994,미국,장편,범죄(1),개봉,쿠엔틴 타란티노,4
마션,The Martian,20151383,2015,미국,장편,액션(2),개봉,리들리 스콧,4
007 카지노 로얄,Casino Royale,20060358,2006,미국,장편,액션,개봉,마틴 캠벨,4
인사이드 아웃,Inside Out,20151225,2014,미국,장편,애니메이션(1),개봉,피트 닥터,4
스물,Twenty,20148845,2014,한국,장편,코미디(1),개봉,이병헌,4
어벤져스: 에이지 오브 울트론,The Avengers: Age of Ultron,20148493,2014,미국,장편,액션(3),개봉,조스 웨던,4
용서받지 못한 자,The Unforgiven,20050303,2005,한국,장편,드라마,개봉,윤종빈,4
위플래쉬,Whiplash,20145141,2014,미국,장편,드라마,개봉,데이미언 셔젤,4
이미테이션 게임,The Imitation Game,20141962,2014,영국,장편,드라마(1),개봉,모튼 틸덤,4
양들의 침묵,The Silence Of The Lambs,19910237,1991,미국,장편,스릴러(2),개봉,조나단 드미,4
복수는 나의 것,Sympathy for Mr. Vengeance,20020106,2002,한국,장편,범죄(1),개봉,박찬욱,4
스크림,Scream,19990113,1996,미국,장편,공포(호러)(2),개봉,웨스 크레이븐,4
크래쉬,Crash,20060073,2004,미국,장편,드라마(2),개봉,폴 해기스,4
국제시장,Ode to My Father,20137048,2014,한국,장편,드라마,개봉,윤제균,4
알라딘,Aladdin,19920384,1992,미국,장편,애니메이션(1),개봉,데이빗 드웨이티스,4
빅 히어로,Big Hero 6,20149951,2014,미국,장편,애니메이션(2),개봉,돈 홀,4
끝까지 간다,A Hard Day,20130442,2013,한국,장편,액션(2),개봉,김성훈,4
군도: 민란의 시대,KUNDO : Age of the Rampant,20123501,2013,한국,장편,사극(1),개봉,윤종빈,4
"님아, 그 강을 건너지 마오",,20141111,2014,한국,장편,다큐멘터리,개봉,진모영,4
카핑 베토벤,Copying Beethoven,20070457,2006,독일,장편,드라마(1),개봉,아그네츠카 홀란드,4
불량남녀,Romantic Debtors,20101009,2010,한국,장편,코미디,개봉,신근호,4
300: 제국의 부활,300: Rise of an Empire,20147247,2014,미국,장편,액션(2),개봉,노암 머로,4
우리 형,My Brother,20040628,2004,한국,장편,드라마,개봉,안권태,4
에이트 빌로우,Eight Below,20060074,2006,미국,장편,어드벤처(1),개봉,프랭크 마샬,4
오션스 트웰브,,20048103,2004,호주(1),장편,범죄(1),개봉,스티븐 소더버그,4
혹성탈출: 반격의 서막,Dawn of the Planet of the Apes,20148973,2014,미국,장편,액션(3),개봉,맷 리브스,4
아름다운 비행,Fly Away Home,19960366,1996,미국,장편,가족(2),개봉,캐롤 발라드,4
두사부일체,"My Boss, My Hero",20010052,2001,한국,장편,코미디,개봉,"윤제균 , 이경원",4
한공주,HAN Gong-ju,20134122,2013,한국,장편,드라마,개봉,이수진,4
슈퍼 배드,Despicable Me,20100814,2010,미국,장편,애니메이션(1),개봉,피에르 꼬팽,4
인어공주,The Little Mermaid,19970306,1989,미국,장편,애니메이션(3),개봉,존 머스커,4
타잔,Tarzan,19990226,1999,미국,장편,애니메이션(2),개봉,케빈 리마 ,4
색즉시공 시즌2,Sex Is Zero 2,20070637,2007,한국,장편,코미디,개봉,윤태윤,4
혹성탈출: 진화의 시작,Rise of the Planet of the Apes,20110896,2011,미국,장편,액션(2),개봉,루퍼트 와이어트,4
국화꽃 향기,Scent of Love,20030014,2003,한국,장편,드라마,개봉,이정욱,4
드럼라인,Drumline,20030038,2003,미국,장편,드라마(2),개봉,찰스 스톤 3세,4
파수꾼,Bleak Night,20101344,2010,한국,장편,드라마,개봉,윤성현,4
천공의 성 라퓨타,Laputa : Castle In The Sky,20040549,1986,일본,장편,애니메이션,개봉,미야자키 하야오,4
에너미 앳 더 게이트,Enemy At The Gates,20010190,2001,미국,장편,드라마(1),개봉,장 자끄 아노,4
수상한 그녀,Miss Granny,20131102,2013,한국,장편,드라마,개봉,황동혁,4
패닉 룸,The Panic Room,20020159,2002,미국,장편,스릴러,개봉,데이빗 핀처,4
주먹이 운다(Crying Fist),Crying Fist,20050049,2004,한국,장편,드라마,개봉,류승완,4
디스터비아,Disturbia,20070294,2007,미국,장편,스릴러,개봉,D.J. 카루소,4
씨스터 액트 2,Sister Act 2,19940160,1993,미국,장편,코미디,개봉,빌 듀크,4
겨울왕국,Frozen,20136803,2013,미국,장편,애니메이션(5),개봉,크리스 벅,4
밀리언 달러 베이비,Million Dollar Baby,20050028,2005,미국,장편,드라마,개봉,클린트 이스트우드,4
사생결단,Bloody Tie,20060100,2006,한국,장편,액션,개봉,최호,4
우아한 세계,The Show Must Go On,20070072,2006,한국,장편,액션,개봉,한재림,4
딥 임팩트,Deep Impact,19980129,1998,미국,장편,SF(1),개봉,미미 레더,4
퍼펙트 게임,Perfect Game,20113260,2011,한국,장편,드라마,개봉,박희곤,4
미스터 소크라테스,Mr. Socrates,20050280,2005,한국,장편,액션,개봉,최진원,4
숨바꼭질,Hide and Seek,20136049,2013,한국,장편,스릴러,개봉,허정,4
블라인드 사이드,The Blind Side,20100165,2010,미국,장편,드라마,개봉,존 리 행콕,4
더블타겟,Shooter,20070113,2007,미국,장편,액션(2),개봉,안톤 후쿠아,4
킬 빌2,Kill Bill: Volume 2,20040556,2004,미국,장편,액션,개봉,쿠엔틴 타란티노,4
21,21,20080835,2008,미국,장편,범죄(1),개봉,로버트 루케틱,4
드림걸즈,Dreamgirls,20060423,2006,미국,장편,드라마(1),개봉,빌 콘돈,4
그대를 사랑합니다,Late Blossom,20119337,2010,한국,장편,드라마,개봉,추창민,4
변호인,The Attorney,20134803,2013,한국,장편,드라마,개봉,양우석,4
오션스 써틴,Ocean`S Thirteen,20070058,2006,미국,장편,범죄(2),개봉,스티븐 소더버그,4
스튜어트 리틀,Stuart Little,20000075,1999,미국(1),장편,코미디(2),개봉,롭 민코프,4
벅스 라이프,,19980282,1998,미국,장편,애니메이션(1),개봉,존 라세터,4
영화는 영화다,Rough Cut,20081243,2008,한국,장편,액션(2),개봉,장훈,4
브레이브 하트,Brave Heart,19950220,1995,미국,장편,드라마(3),개봉,멜 깁슨,4
씨스터 액트,Sister Act,19930132,1993,미국,장편,코미디(2),개봉,에밀 아돌리노,4
예스맨,Yes Man,20081703,2008,미국,장편,코미디(1),개봉,페이튼 리드,4
싸움의 기술,The Art Of Fighting,20050346,2005,한국,장편,코미디,개봉,신한솔,4
이티,E.T. The Extra-Terrestrial,20020328,1982,미국,장편,SF(3),개봉,스티븐 스필버그,4
클릭,Click,20060397,2006,미국,장편,코미디(2),개봉,프랭크 코라치,4
슈렉2,Shrek2,20040566,2004,미국,장편,애니메이션,개봉,캘리 애스버리,4
오션스 일레븐,,20020074,2001,미국,장편,범죄,개봉,스티븐 소더버그,4
미션 임파서블,Mission Impossible,19960196,1996,미국,장편,액션(2),개봉,브라이언 드 팔마,4
이퀼리브리엄,Equilibrium,20070178,2002,미국,장편,액션(3),개봉,커트 위머,4
향수 : 어느 살인자의 이야기,Perfume: The Story Of A Murderer,20070083,2007,영국,장편,드라마(1),개봉,톰 티크베어,4
마스크,The Mask,19940292,1994,미국,장편,범죄(3),개봉,척 러셀,4
토이 스토리 2,Toy Story 2,20000069,1999,미국,장편,애니메이션(2),개봉,존 라세터,4
매트릭스3 레볼루션,The Matrix Revolutions,20030191,2003,미국,장편,SF(2),개봉,릴리 워쇼스키,4
너는 내 운명,You Are My Sunshine,20050239,2005,한국,장편,멜로/로맨스,개봉,박진표,4
쉬리,Swiri,19990084,1999,한국,장편,액션(3),개봉,강제규,4
공공의 적,Public Enemy,20020065,2002,한국,장편,범죄(1),개봉,강우석,4
설국열차,Snowpiercer,20126674,2013,한국(1),장편,SF(1),개봉,봉준호,4
말죽거리 잔혹사,Spirit Of Jeet Keun Do - Once Upon A Time In High School,20030433,2003,한국,장편,액션(1),개봉,유하,4
바람,Wish,20090822,2009,한국,장편,드라마(1),개봉,이성한,4
부당거래,The Unjust,20100213,2010,한국,장편,범죄(1),개봉,류승완,4
그 여자 작사 그 남자 작곡,Music And Lyrics,20070034,2007,미국,장편,멜로/로맨스(1),개봉,마크 로렌스,4
모노노케 히메,Princess Mononoke,20030047,1997,일본,장편,애니메이션(3),개봉,미야자키 하야오,4
토이 스토리 3,Toy Story 3,20100377,2010,미국,장편,가족(2),개봉,리 언크리치,4
매트릭스2 리로디드,The Matrix Reloaded,20030066,2003,미국,장편,SF(2),개봉,릴리 워쇼스키,4
아이 엠 샘,I Am Sam,20020260,2001,미국,장편,드라마,개봉,제시 넬슨,4
라이온 킹,The Lion King,19940256,1994,미국,장편,애니메이션(4),개봉,로저 알러스 ,4
이끼,Moss,20100209,2010,한국,장편,드라마(1),개봉,강우석,4
쏘우,Saw,20050014,2005,미국,장편,스릴러(1),개봉,제임스 완,4
마이너리티 리포트,Minority Report,20020206,2002,미국,장편,SF(2),개봉,스티븐 스필버그,4
황해,The Yellow Sea,20101222,2010,한국(2),장편,스릴러(2),개봉,나홍진,4
친절한 금자씨,Sympathy for Lady Vengeance,20050148,2005,한국,장편,스릴러,개봉,박찬욱,4
라이언 일병 구하기,Saving Private Ryan,19980211,1998,미국,장편,드라마(2),개봉,스티븐 스필버그,4
토이 스토리,Toy Story,19950366,1995,미국,장편,애니메이션(2),개봉,존 래스터,4
배트맨 비긴즈,Batman Begins,20050112,2005,미국,장편,범죄(2),개봉,크리스토퍼 놀란,4
본 얼티메이텀,The Bourne Ultimatum,20070422,2007,미국,장편,액션(3),개봉,폴 그린그래스,4
월ㆍE,Wallㆍe,20081057,2008,미국,장편,애니메이션(5),개봉,앤드류 스탠튼,4
말아톤,Marathon,20040785,2005,한국,장편,드라마,개봉,정윤철,4
슈렉,Shrek,20010218,2001,미국,장편,애니메이션(2),개봉,비키 젠슨,4
클래식,The Classic,20030003,2003,한국,장편,드라마,개봉,곽재용,4
베를린,The Berlin File,20124083,2012,한국(1),장편,액션,개봉,류승완,4
본 아이덴티티,The Bourne Identity,20020302,2002,미국,장편,액션,개봉,더그 라이만,4
악마를 보았다,I Saw The Devil,20100301,2010,한국,장편,스릴러,개봉,김지운,4
300,300,20070033,2006,미국,장편,액션,개봉,잭 스나이더,4
반지의 제왕 : 반지원정대,The Lord Of The Rings : The Fellowship Of The Rings,20010083,2001,미국,장편,드라마,개봉,피터 잭슨,4
친구,Friend,20010040,2001,한국,장편,드라마,개봉,곽경택,4
신세계,New World,20124401,2012,한국,장편,범죄(1),개봉,박훈정,4
해리포터와 마법사의 돌,Harry Potter And The Socrerers Stone,20010291,2001,미국,장편,가족(1),개봉,크리스 콜럼버스,4
쇼생크 탈출,The Showshank Redemption,19950084,1994,미국,장편,드라마,개봉,프랭크 다라본트,4
악마는 프라다를 입는다,The Devil Wears Prada,20060264,2006,미국,장편,드라마,개봉,데이빗 프랭클,4
"좋은 놈, 나쁜 놈, 이상한 놈","The Good, The Bad, The Weird",20072152,2008,한국,장편,서부극(웨스턴)(2),개봉,김지운,4
아이언맨 2,Iron Man 2,20090933,2010,미국,장편,SF(2),개봉,존 파브로,4
아이언맨 3,Iron Man 3,20121621,2013,미국,장편,액션(2),개봉,쉐인 블랙,4
실미도,Silmido,20030410,2003,한국,장편,전쟁,개봉,강우석,4
나홀로 집에,Home Alone,19910355,1990,미국,장편,가족(3),개봉,크리스 콜럼버스,4
웰컴 투 동막골,Welcome To Dongmakgol,20050180,2005,한국,장편,전쟁(1),개봉,박광현,4
국가대표,Take Off,20090307,2009,한국,장편,드라마(2),개봉,김용화,4
말할 수 없는 비밀,Secret,20071066,2007,대만(1),장편,멜로/로맨스(1),개봉,주걸륜,4
센과 치히로의 행방불명,The Spiriting Away Of Sen And Chihiro,20020168,2002,일본,장편,애니메이션(3),개봉,미야자키 하야오,4
하울의 움직이는 성,,20040756,2004,일본,장편,애니메이션,개봉,미야자키 하야오,4
추격자,The Chaser,20080046,2008,한국,장편,범죄(2),개봉,나홍진,4
7번방의 선물,Miracle in Cell No.7,20127593,2012,한국,장편,코미디(1),개봉,이환경,4
아저씨,The Man From Nowhere,20100214,2010,한국,장편,액션(1),개봉,이정범,4
도둑들,The Thieves,20124034,2012,한국(1),장편,액션(1),개봉,최동훈,4
건축학개론,Architecture 101,20124074,2012,한국,장편,멜로/로맨스(1),개봉,이용주,4
타이타닉,Titanic,19980074,1997,미국,장편,드라마(2),개봉,제임스 카메론,4
써니,Sunny,20110193,2011,한국,장편,드라마(1),개봉,강형철,4
과속스캔들,Scandal Makers,20081672,2008,한국,장편,코미디,개봉,강형철,4
사마리아,Samaritan Girl,20040505,2004,한국,장편,드라마,개봉,김기덕,4
봄 여름 가을 겨울 그리고 봄,"Spring, Summer, Fall, Winter And Spring",20030125,2003,한국,장편,드라마,개봉,김기덕,4
뫼비우스,Moebius,20139461,2013,한국,장편,드라마,개봉,김기덕,4
피에타,Pieta,20124934,2012,한국,장편,드라마,개봉,김기덕,4
터미널,The Terminal,20040631,2004,미국,장편,드라마,개봉,스티븐 스필버그,4
큐브,Cube,19990285,1997,캐나다,장편,공포(호러)(3),개봉,빈센조 나탈리,4
세 얼간이,3 Idiots,20110899,2009,인도,장편,코미디,개봉,라즈쿠마르 히라니,4
박쥐,Thirst,20081003,2008,한국(2),장편,공포(호러)(1),개봉,박찬욱,4
원스,Once,20070454,2006,아일랜드,장편,드라마,개봉,존 카니,4
대부,,19770092,1972,미국,장편,드라마(2),개봉,프란시스 포드 코폴라,4
왕의 남자,King And The Clown,20050333,2005,한국,장편,드라마,개봉,이준익,4
메멘토,Memento,20010238,2000,미국,장편,미스터리(2),개봉,크리스토퍼 놀란,4
레옹,Leon,19950095,1994,프랑스,장편,액션(1),개봉,뤽 베송,4
광복절 특사,Jail Breakers,20020220,2002,한국,장편,드라마(1),개봉,김상진,4
"장화, 홍련",A Tale Of Two Sisters,20030131,2003,한국,장편,공포(호러),개봉,김지운,4
,,,,,,,,,
,,,,,,,,,
